[{
  "country": "AFGHANISTAN",
  "consulat": "KABOUL",
  "BUREAU": "Kaboul"
}, {
  "country": "AFRIQUE DU SUD",
  "consulat": "JOHANNESBURG",
  "BUREAU": "Durban"
}, {
  "country": "AFRIQUE DU SUD",
  "consulat": "JOHANNESBURG",
  "BUREAU": "Johannesburg"
}, {
  "country": "AFRIQUE DU SUD",
  "consulat": "LE CAP",
  "BUREAU": "Le Cap"
}, {
  "country": "ALBANIE",
  "consulat": "TIRANA",
  "BUREAU": "Tirana"
}, {
  "country": "ALGERIE",
  "consulat": "ALGER",
  "BUREAU": "Alger 1Alger 2Alger 3Alger 4Alger 5Alger 6"
}, {
  "country": "ALGERIE",
  "consulat": "ANNABA",
  "BUREAU": "Annaba"
}, {
  "country": "ALGERIE",
  "consulat": "ANNABA",
  "BUREAU": "Constantine"
}, {
  "country": "ALGERIE",
  "consulat": "ORAN",
  "BUREAU": "Oran 1Oran 2"
}, {
  "country": "ALLEMAGNE",
  "consulat": "BERLIN",
  "BUREAU": "Ambassade Berlin 1Ambassade Berlin 2Ambassade Berlin 3Ambassade Berlin 4"
}, {
  "country": "ALLEMAGNE",
  "consulat": "BERLIN",
  "BUREAU": "Institut français Berlin 1Institut français Berlin 2Institut français Berlin 3"
}, {
  "country": "ALLEMAGNE",
  "consulat": "BERLIN",
  "BUREAU": "Brême"
}, {
  "country": "ALLEMAGNE",
  "consulat": "BERLIN",
  "BUREAU": "Hanovre"
}, {
  "country": "ALLEMAGNE",
  "consulat": "DUSSELDORF",
  "BUREAU": "Consulat général Düsseldorf"
}, {
  "country": "ALLEMAGNE",
  "consulat": "DUSSELDORF",
  "BUREAU": "Lycée français Düsseldorf 1Lycée français Düsseldorf 2Lycée français Düsseldorf 3"
}, {
  "country": "ALLEMAGNE",
  "consulat": "DUSSELDORF",
  "BUREAU": "Cologne 1Cologne 2Cologne 3"
}, {
  "country": "ALLEMAGNE",
  "consulat": "FRANCFORT",
  "BUREAU": "Consulat général Francfort"
}, {
  "country": "ALLEMAGNE",
  "consulat": "FRANCFORT",
  "BUREAU": "Lycée français Francfort 1Lycée français Francfort 2Lycée français Francfort 3Lycée français Francfort 4"
}, {
  "country": "ALLEMAGNE",
  "consulat": "FRANCFORT",
  "BUREAU": "Mayence 1Mayence 2"
}, {
  "country": "ALLEMAGNE",
  "consulat": "HAMBOURG",
  "BUREAU": "Hambourg 1Hambourg 2"
}, {
  "country": "ALLEMAGNE",
  "consulat": "MUNICH",
  "BUREAU": "Consulat général Munich"
}, {
  "country": "ALLEMAGNE",
  "consulat": "MUNICH",
  "BUREAU": "Ecole française Munich 1Ecole française Munich 2Ecole française Munich 3Ecole française Munich 4Ecole française Munich 5Ecole française Munich 6"
}, {
  "country": "ALLEMAGNE",
  "consulat": "MUNICH",
  "BUREAU": "Nuremberg"
}, {
  "country": "ALLEMAGNE",
  "consulat": "SARREBRUCK",
  "BUREAU": "Consulat général Sarrebruck"
}, {
  "country": "ALLEMAGNE",
  "consulat": "SARREBRUCK",
  "BUREAU": "Sarrebruck Villa 1Sarrebruck Villa 2"
}, {
  "country": "ALLEMAGNE",
  "consulat": "STUTTGART",
  "BUREAU": "Fribourg en Brisgau 1Fribourg en Brisgau 2"
}, {
  "country": "ALLEMAGNE",
  "consulat": "STUTTGART",
  "BUREAU": "Stuttgart 1Stuttgart 2Stuttgart 3"
}, {
  "country": "ALLEMAGNE",
  "consulat": "STUTTGART",
  "BUREAU": "Karlsruhe 1Karlsruhe 2"
}, {
  "country": "ALLEMAGNE",
  "consulat": "STUTTGART",
  "BUREAU": "Tübingen"
}, {
  "country": "ANCIENNE REPUBLIQUE YOUGOSLAVE \n      \n    DE MACEDOINE",
  "consulat": "SKOPJE",
  "BUREAU": "Skopje"
}, {
  "country": "ANDORRE",
  "consulat": "ANDORRE",
  "BUREAU": "Andorre"
}, {
  "country": "ANDORRE",
  "consulat": "ANDORRE",
  "BUREAU": "Pas de la Case"
}, {
  "country": "ANGOLA",
  "consulat": "LUANDA",
  "BUREAU": "Luanda"
}, {
  "country": "ARABIE SAOUDITE",
  "consulat": "DJEDDAH",
  "BUREAU": "Djeddah"
}, {
  "country": "ARABIE SAOUDITE",
  "consulat": "RIYAD",
  "BUREAU": "Riyad"
}, {
  "country": "ARABIE SAOUDITE",
  "consulat": "RIYAD",
  "BUREAU": "Al Khobar"
}, {
  "country": "ARGENTINE",
  "consulat": "BUENOS AIRES",
  "BUREAU": "Buenos Aires 1Buenos Aires 2Buenos Aires 3Buenos Aires 4"
}, {
  "country": "ARGENTINE",
  "consulat": "BUENOS AIRES",
  "BUREAU": "Cordoba"
}, {
  "country": "ARGENTINE",
  "consulat": "BUENOS AIRES",
  "BUREAU": "Mendoza"
}, {
  "country": "ARMENIE",
  "consulat": "EREVAN",
  "BUREAU": "Erevan"
}, {
  "country": "AUSTRALIE",
  "consulat": "SYDNEY",
  "BUREAU": "Adélaïde"
}, {
  "country": "AUSTRALIE",
  "consulat": "SYDNEY",
  "BUREAU": "Brisbane"
}, {
  "country": "AUSTRALIE",
  "consulat": "SYDNEY",
  "BUREAU": "Canberra"
}, {
  "country": "AUSTRALIE",
  "consulat": "SYDNEY",
  "BUREAU": "Melbourne"
}, {
  "country": "AUSTRALIE",
  "consulat": "SYDNEY",
  "BUREAU": "Perth"
}, {
  "country": "AUSTRALIE",
  "consulat": "SYDNEY",
  "BUREAU": "Sydney 1Sydney 2Sydney 3"
}, {
  "country": "AUTRICHE",
  "consulat": "VIENNE",
  "BUREAU": "Vienne 1Vienne 2Vienne 3Vienne 4"
}, {
  "country": "AUTRICHE",
  "consulat": "VIENNE",
  "BUREAU": "Innsbruck"
}, {
  "country": "AZERBAIDJAN",
  "consulat": "BAKOU",
  "BUREAU": "Bakou"
}, {
  "country": "BAHREIN",
  "consulat": "MANAMA",
  "BUREAU": "Manama"
}, {
  "country": "BANGLADESH",
  "consulat": "DACCA",
  "BUREAU": "Dacca"
}, {
  "country": "BELGIQUE",
  "consulat": "BRUXELLES",
  "BUREAU": "Anvers 1Anvers 2"
}, {
  "country": "BELGIQUE",
  "consulat": "BRUXELLES",
  "BUREAU": "Consulat général Bruxelles"
}, {
  "country": "BELGIQUE",
  "consulat": "BRUXELLES",
  "BUREAU": "Bruxelles - Expo 1Bruxelles - Expo 2Bruxelles - Expo 3Bruxelles - Expo 4Bruxelles - Expo 5Bruxelles - Expo 6Bruxelles - Expo 7Bruxelles - Expo 8Bruxelles - Expo 9Bruxelles - Expo 10Bruxelles - Expo 11Bruxelles - Expo 12Bruxelles - Expo 13Bruxelles - Expo 14Bruxelles - Expo 15Bruxelles -Expo 16Bruxelles - Expo 17Bruxelles - Expo 18Bruxelles - Expo 19Bruxelles - Expo 20Bruxelles - Expo 21Bruxelles - Expo 22Bruxelles - Expo 23Bruxelles - Expo 24Bruxelles - Expo 25Bruxelles - Expo 26Bruxelles - Expo 27Bruxelles - Expo 28Bruxelles - Expo 29Bruxelles - Expo 30Bruxelles - Expo 31"
}, {
  "country": "BELGIQUE",
  "consulat": "BRUXELLES",
  "BUREAU": "Charleroi 1Charleroi 2"
}, {
  "country": "BELGIQUE",
  "consulat": "BRUXELLES",
  "BUREAU": "Waterloo 1Waterloo 2Waterloo 3Waterloo 4Waterloo 5Waterloo 6"
}, {
  "country": "BELGIQUE",
  "consulat": "BRUXELLES",
  "BUREAU": "Gand"
}, {
  "country": "BELGIQUE",
  "consulat": "BRUXELLES",
  "BUREAU": "Mons 1Mons 2Mons 3"
}, {
  "country": "BELGIQUE",
  "consulat": "BRUXELLES",
  "BUREAU": "Mouscron 1Mouscron 2Mouscron 3Mouscron 4"
}, {
  "country": "BELGIQUE",
  "consulat": "BRUXELLES",
  "BUREAU": "Tournai 1Tournai 2Tournai 3Tournai 4"
}, {
  "country": "BELGIQUE",
  "consulat": "BRUXELLES",
  "BUREAU": "Arlon 1Arlon 2"
}, {
  "country": "BELGIQUE",
  "consulat": "BRUXELLES",
  "BUREAU": "Liège 1Liège 2Liège 3Liège 4"
}, {
  "country": "BELGIQUE",
  "consulat": "BRUXELLES",
  "BUREAU": "Namur 1Namur 2"
}, {
  "country": "BENIN",
  "consulat": "COTONOU",
  "BUREAU": "Cotonou 1Cotonou 2"
}, {
  "country": "BIELORUSSIE",
  "consulat": "MINSK",
  "BUREAU": "Minsk"
}, {
  "country": "BIRMANIE",
  "consulat": "RANGOUN",
  "BUREAU": "Rangoun"
}, {
  "country": "BOLIVIE",
  "consulat": "LA PAZ",
  "BUREAU": "La Paz"
}, {
  "country": "BOLIVIE",
  "consulat": "LA PAZ",
  "BUREAU": "Santa Cruz"
}, {
  "country": "BOSNIE-HERZEGOVINE",
  "consulat": "SARAJEVO",
  "BUREAU": "Sarajevo"
}, {
  "country": "BOTSWANA",
  "consulat": "JOHANNESBOURG",
  "BUREAU": "Gaborone"
}, {
  "country": "BRESIL",
  "consulat": "BRASILIA",
  "BUREAU": "Brasilia"
}, {
  "country": "BRESIL",
  "consulat": "RECIFE",
  "BUREAU": "Recife"
}, {
  "country": "BRESIL",
  "consulat": "RECIFE",
  "BUREAU": "Salvador de Bahia"
}, {
  "country": "BRESIL",
  "consulat": "RIO DE JANEIRO",
  "BUREAU": "Belo Horizonte"
}, {
  "country": "BRESIL",
  "consulat": "RIO DE JANEIRO",
  "BUREAU": "Rio de Janeiro 1Rio de Janeiro 2Rio de Janeiro 3"
}, {
  "country": "BRESIL",
  "consulat": "SAO PAULO",
  "BUREAU": "Curitiba"
}, {
  "country": "BRESIL",
  "consulat": "SAO PAULO",
  "BUREAU": "Sao Paulo 1Sao Paulo 2"
}, {
  "country": "BRUNEI",
  "consulat": "SINGAPOUR",
  "BUREAU": "Bandar Seri Begawan"
}, {
  "country": "BULGARIE",
  "consulat": "SOFIA",
  "BUREAU": "Sofia"
}, {
  "country": "BURKINA FASO",
  "consulat": "OUAGADOUGOU",
  "BUREAU": "Bobo Dioulasso"
}, {
  "country": "BURKINA FASO",
  "consulat": "OUAGADOUGOU",
  "BUREAU": "Ouagadougou"
}, {
  "country": "BURUNDI",
  "consulat": "BUJUMBURA",
  "BUREAU": "Bujumbura"
}, {
  "country": "CAMBODGE",
  "consulat": "PHNOM PENH",
  "BUREAU": "Phnom Penh"
}, {
  "country": "CAMEROUN",
  "consulat": "DOUALA",
  "BUREAU": "Douala 1Douala 2"
}, {
  "country": "CAMEROUN",
  "consulat": "YAOUNDE",
  "BUREAU": "Yaoundé"
}, {
  "country": "CANADA",
  "consulat": "MONCTON",
  "BUREAU": "Moncton"
}, {
  "country": "CANADA",
  "consulat": "MONTREAL",
  "BUREAU": "Montréal 1Montréal 2Montréal 3Montréal 4Montréal 5Montréal 6Montréal 7Montréal 8Montréal 9Montréal 10Montréal 11Montréal 12Montréal 13Montréal 14Montréal 15Montréal 16Montréal 17Montréal 18Montréal 19Montréal 20Montréal 21Montréal 22Montréal 23Montréal 24"
}, {
  "country": "CANADA",
  "consulat": "MONTREAL",
  "BUREAU": "Ottawa-Montréal"
}, {
  "country": "CANADA",
  "consulat": "QUEBEC",
  "BUREAU": "Québec 1Québec 2Québec 3Québec 4"
}, {
  "country": "CANADA",
  "consulat": "TORONTO",
  "BUREAU": "Ottawa-Toronto"
}, {
  "country": "CANADA",
  "consulat": "TORONTO",
  "BUREAU": "Toronto 1Toronto 2"
}, {
  "country": "CANADA",
  "consulat": "VANCOUVER",
  "BUREAU": "Calgary"
}, {
  "country": "CANADA",
  "consulat": "VANCOUVER",
  "BUREAU": "Edmonton"
}, {
  "country": "CANADA",
  "consulat": "VANCOUVER",
  "BUREAU": "Victoria"
}, {
  "country": "CANADA",
  "consulat": "VANCOUVER",
  "BUREAU": "Vancouver 1Vancouver 2"
}, {
  "country": "CAP-VERT",
  "consulat": "DAKAR",
  "BUREAU": "Praia"
}, {
  "country": "CENTRAFRICAINE (République)",
  "consulat": "BANGUI",
  "BUREAU": "Bangui"
}, {
  "country": "CHILI",
  "consulat": "SANTIAGO",
  "BUREAU": "Concepción"
}, {
  "country": "CHILI",
  "consulat": "SANTIAGO",
  "BUREAU": "Osorno"
}, {
  "country": "CHILI",
  "consulat": "SANTIAGO",
  "BUREAU": "Santiago 1Santiago 2Santiago 3Santiago 4Santiago 5"
}, {
  "country": "CHINE",
  "consulat": "CANTON",
  "BUREAU": "Canton"
}, {
  "country": "CHINE",
  "consulat": "CHENGDU",
  "BUREAU": "Chengdu"
}, {
  "country": "CHINE",
  "consulat": "HONG KONG",
  "BUREAU": "Consulat Général Hong Kong"
}, {
  "country": "CHINE",
  "consulat": "HONG KONG",
  "BUREAU": "Lycée français Hong-Kong 1Lycée français Hong-Kong 2Lycée français Hong-Kong 3Lycée français Hong-Kong 4"
}, {
  "country": "CHINE",
  "consulat": "HONG KONG",
  "BUREAU": "Macao"
}, {
  "country": "CHINE",
  "consulat": "PEKIN",
  "BUREAU": "Pékin 1Pékin 2"
}, {
  "country": "CHINE",
  "consulat": "SHANGHAI",
  "BUREAU": "Consulat général Shanghai 1Consulat général Shanghai 2Consulat général Shanghai 3"
}, {
  "country": "CHINE",
  "consulat": "SHANGHAI",
  "BUREAU": "S économique CG Shanghai 1S économique CG Shanghai 2"
}, {
  "country": "CHINE",
  "consulat": "SHENYANG",
  "BUREAU": "Shenyang"
}, {
  "country": "CHINE",
  "consulat": "WUHAN",
  "BUREAU": "Wuhan"
}, {
  "country": "CHYPRE",
  "consulat": "NICOSIE",
  "BUREAU": "Nicosie"
}, {
  "country": "COLOMBIE",
  "consulat": "BOGOTA",
  "BUREAU": "Bogota 1Bogota 2"
}, {
  "country": "COMORES",
  "consulat": "MORONI",
  "BUREAU": "Moroni"
}, {
  "country": "COMORES",
  "consulat": "MORONI",
  "BUREAU": "Anjouan"
}, {
  "country": "CONGO",
  "consulat": "BRAZZAVILLE",
  "BUREAU": "Brazzaville"
}, {
  "country": "CONGO",
  "consulat": "POINTE NOIRE",
  "BUREAU": "Pointe Noire 1Pointe Noire 2"
}, {
  "country": "CONGO (République démocratique)",
  "consulat": "KINSHASA",
  "BUREAU": "Kinshasa"
}, {
  "country": "COREE DU SUD",
  "consulat": "SEOUL",
  "BUREAU": "Séoul 1"
}, {
  "country": "COSTA RICA",
  "consulat": "SAN JOSE",
  "BUREAU": "San Jose"
}, {
  "country": "COTE D'IVOIRE",
  "consulat": "ABIDJAN",
  "BUREAU": "Abidjan 1Abidjan 2Abidjan 3Abidjan 4Abidjan 5"
}, {
  "country": "CROATIE",
  "consulat": "ZAGREB",
  "BUREAU": "Zagreb"
}, {
  "country": "CROATIE",
  "consulat": "ZAGREB",
  "BUREAU": "Split"
}, {
  "country": "CUBA",
  "consulat": "LA HAVANE",
  "BUREAU": "La Havane"
}, {
  "country": "DANEMARK",
  "consulat": "COPENHAGUE",
  "BUREAU": "Copenhague 1Copenhague 2"
}, {
  "country": "DJIBOUTI",
  "consulat": "DJIBOUTI",
  "BUREAU": "Djibouti 1Djibouti 2Djibouti 3"
}, {
  "country": "DOMINICAINE (République)",
  "consulat": "SAINT-DOMINGUE",
  "BUREAU": "Saint-Domingue"
}, {
  "country": "DOMINICAINE (République)",
  "consulat": "SAINT-DOMINGUE",
  "BUREAU": "Las Terrenas"
}, {
  "country": "EGYPTE",
  "consulat": "ALEXANDRIE",
  "BUREAU": "Alexandrie"
}, {
  "country": "EGYPTE",
  "consulat": "LE CAIRE",
  "BUREAU": "Ambassade Le Caire"
}, {
  "country": "EGYPTE",
  "consulat": "LE CAIRE",
  "BUREAU": "Lycée français Maadi Le Caire"
}, {
  "country": "EL SALVADOR",
  "consulat": "GUATEMALA",
  "BUREAU": "San Salvador"
}, {
  "country": "EMIRATS ARABES UNIS",
  "consulat": "ABOU DABI",
  "BUREAU": "Abou Dabi 1Abou Dabi 2Abou Dabi 3"
}, {
  "country": "EMIRATS ARABES UNIS",
  "consulat": "DUBAI",
  "BUREAU": "Dubaï Al-Jaddaf 1Dubaï Al-Jaddaf 2"
}, {
  "country": "EMIRATS ARABES UNIS",
  "consulat": "DUBAI",
  "BUREAU": "Dubaï Ibn Battuta 1Dubaï Ibn Battuta 2"
}, {
  "country": "EMIRATS ARABES UNIS",
  "consulat": "DUBAI",
  "BUREAU": "Dubaï A-Barsha"
}, {
  "country": "EQUATEUR",
  "consulat": "QUITO",
  "BUREAU": "Quito"
}, {
  "country": "EQUATEUR",
  "consulat": "QUITO",
  "BUREAU": "Guayaquil"
}, {
  "country": "ESPAGNE",
  "consulat": "BARCELONE",
  "BUREAU": "Consulat général Barcelone"
}, {
  "country": "ESPAGNE",
  "consulat": "BARCELONE",
  "BUREAU": "Institut français Barcelone 1Institut français Barcelone 2Institut français Barcelone 3Institut français Barcelone 4"
}, {
  "country": "ESPAGNE",
  "consulat": "BARCELONE",
  "BUREAU": "Lycée français Barcelone 1Lycée français Barcelone 2Lycée français Barcelone 3Lycée français Barcelone 4"
}, {
  "country": "ESPAGNE",
  "consulat": "BARCELONE",
  "BUREAU": "Gerone"
}, {
  "country": "ESPAGNE",
  "consulat": "BARCELONE",
  "BUREAU": "Figueres"
}, {
  "country": "ESPAGNE",
  "consulat": "BARCELONE",
  "BUREAU": "Tarragone"
}, {
  "country": "ESPAGNE",
  "consulat": "BARCELONE",
  "BUREAU": "Palma de Majorque"
}, {
  "country": "ESPAGNE",
  "consulat": "BARCELONE",
  "BUREAU": "Ibiza"
}, {
  "country": "ESPAGNE",
  "consulat": "BARCELONE",
  "BUREAU": "Saragosse"
}, {
  "country": "ESPAGNE",
  "consulat": "BILBAO",
  "BUREAU": "Bilbao"
}, {
  "country": "ESPAGNE",
  "consulat": "BILBAO",
  "BUREAU": "Vigo"
}, {
  "country": "ESPAGNE",
  "consulat": "MADRID",
  "BUREAU": "Alicante 1Alicante 2Alicante 3Alicante 4"
}, {
  "country": "ESPAGNE",
  "consulat": "MADRID",
  "BUREAU": "Madrid 1Madrid 2Madrid 3Madrid 4Madrid 5Madrid 6Madrid 7Madrid 8Madrid 9Madrid 10"
}, {
  "country": "ESPAGNE",
  "consulat": "MADRID",
  "BUREAU": "Tenerife"
}, {
  "country": "ESPAGNE",
  "consulat": "MADRID",
  "BUREAU": "Valence 1Valence 2Valence 3"
}, {
  "country": "ESPAGNE",
  "consulat": "MADRID",
  "BUREAU": "Murcie"
}, {
  "country": "ESPAGNE",
  "consulat": "MADRID",
  "BUREAU": "Las Palmas"
}, {
  "country": "ESPAGNE",
  "consulat": "SEVILLE",
  "BUREAU": "Grenade"
}, {
  "country": "ESPAGNE",
  "consulat": "SEVILLE",
  "BUREAU": "Malaga 1Malaga 2"
}, {
  "country": "ESPAGNE",
  "consulat": "SEVILLE",
  "BUREAU": "Séville 1Séville 2"
}, {
  "country": "ESTONIE",
  "consulat": "TALLINN",
  "BUREAU": "Tallinn"
}, {
  "country": "ETATS-UNIS D'AMERIQUE",
  "consulat": "ATLANTA",
  "BUREAU": "Atlanta"
}, {
  "country": "ETATS-UNIS D'AMERIQUE",
  "consulat": "ATLANTA",
  "BUREAU": "Raleigh"
}, {
  "country": "ETATS-UNIS D'AMERIQUE",
  "consulat": "ATLANTA",
  "BUREAU": "Greenville"
}, {
  "country": "ETATS-UNIS D'AMERIQUE",
  "consulat": "ATLANTA",
  "BUREAU": "Nashville"
}, {
  "country": "ETATS-UNIS D'AMERIQUE",
  "consulat": "BOSTON",
  "BUREAU": "Boston 1Boston 2Boston 3"
}, {
  "country": "ETATS-UNIS D'AMERIQUE",
  "consulat": "CHICAGO",
  "BUREAU": "Chicago 1Chicago 2"
}, {
  "country": "ETATS-UNIS D'AMERIQUE",
  "consulat": "CHICAGO",
  "BUREAU": "Cincinnati"
}, {
  "country": "ETATS-UNIS D'AMERIQUE",
  "consulat": "CHICAGO",
  "BUREAU": "Detroit"
}, {
  "country": "ETATS-UNIS D'AMERIQUE",
  "consulat": "CHICAGO",
  "BUREAU": "Minneapolis"
}, {
  "country": "ETATS-UNIS D'AMERIQUE",
  "consulat": "HOUSTON",
  "BUREAU": "Austin"
}, {
  "country": "ETATS-UNIS D'AMERIQUE",
  "consulat": "HOUSTON",
  "BUREAU": "Dallas 1"
}, {
  "country": "ETATS-UNIS D'AMERIQUE",
  "consulat": "HOUSTON",
  "BUREAU": "Houston 1Houston 2"
}, {
  "country": "ETATS-UNIS D'AMERIQUE",
  "consulat": "LA NOUVELLE-ORLEANS",
  "BUREAU": "La Nouvelle-Orléans"
}, {
  "country": "ETATS-UNIS D'AMERIQUE",
  "consulat": "LOS ANGELES",
  "BUREAU": "Colorado"
}, {
  "country": "ETATS-UNIS D'AMERIQUE",
  "consulat": "LOS ANGELES",
  "BUREAU": "Los Angeles 1Los Angeles 2Los Angeles 3Los Angeles 4Los Angeles 5Los Angeles 6Los Angeles 7"
}, {
  "country": "ETATS-UNIS D'AMERIQUE",
  "consulat": "LOS ANGELES",
  "BUREAU": "San Diego"
}, {
  "country": "ETATS-UNIS D'AMERIQUE",
  "consulat": "LOS ANGELES",
  "BUREAU": "Arizona et Nouveau-Mexique"
}, {
  "country": "ETATS-UNIS D'AMERIQUE",
  "consulat": "LOS ANGELES",
  "BUREAU": "Nevada"
}, {
  "country": "ETATS-UNIS D'AMERIQUE",
  "consulat": "MIAMI",
  "BUREAU": "Miami 1Miami 2"
}, {
  "country": "ETATS-UNIS D'AMERIQUE",
  "consulat": "MIAMI",
  "BUREAU": "Orlando"
}, {
  "country": "ETATS-UNIS D'AMERIQUE",
  "consulat": "MIAMI",
  "BUREAU": "San Juan"
}, {
  "country": "ETATS-UNIS D'AMERIQUE",
  "consulat": "MIAMI",
  "BUREAU": "Tampa"
}, {
  "country": "ETATS-UNIS D'AMERIQUE",
  "consulat": "MIAMI",
  "BUREAU": "West Palm Beach"
}, {
  "country": "ETATS-UNIS D'AMERIQUE",
  "consulat": "MIAMI",
  "BUREAU": "Nassau (Bahamas)"
}, {
  "country": "ETATS-UNIS D'AMERIQUE",
  "consulat": "NEW YORK",
  "BUREAU": "Consulat général New York 1Consulat général New York 2"
}, {
  "country": "ETATS-UNIS D'AMERIQUE",
  "consulat": "NEW YORK",
  "BUREAU": "SCAC New York 1SCAC New York 2"
}, {
  "country": "ETATS-UNIS D'AMERIQUE",
  "consulat": "NEW YORK",
  "BUREAU": "Mamaroneck 1Mamaroneck 2"
}, {
  "country": "ETATS-UNIS D'AMERIQUE",
  "consulat": "NEW YORK",
  "BUREAU": "New York EINY 1New York EINY 2"
}, {
  "country": "ETATS-UNIS D'AMERIQUE",
  "consulat": "NEW YORK",
  "BUREAU": "New York NYFACS 1New York NYFACS 2"
}, {
  "country": "ETATS-UNIS D'AMERIQUE",
  "consulat": "NEW YORK",
  "BUREAU": "FAA Jersey City 1FAA Jersey City 2"
}, {
  "country": "ETATS-UNIS D'AMERIQUE",
  "consulat": "NEW YORK",
  "BUREAU": "IS Brooklyn 1IS Brooklyn 2"
}, {
  "country": "ETATS-UNIS D'AMERIQUE",
  "consulat": "NEW YORK",
  "BUREAU": "Princeton"
}, {
  "country": "ETATS-UNIS D'AMERIQUE",
  "consulat": "NEW YORK",
  "BUREAU": "Hamilton (Bermudes)"
}, {
  "country": "ETATS-UNIS D'AMERIQUE",
  "consulat": "SAN FRANCISCO",
  "BUREAU": "Honolulu (Hawaï)"
}, {
  "country": "ETATS-UNIS D'AMERIQUE",
  "consulat": "SAN FRANCISCO",
  "BUREAU": "Portland"
}, {
  "country": "ETATS-UNIS D'AMERIQUE",
  "consulat": "SAN FRANCISCO",
  "BUREAU": "Consulat général San Francisco"
}, {
  "country": "ETATS-UNIS D'AMERIQUE",
  "consulat": "SAN FRANCISCO",
  "BUREAU": "LIFA San Francisco 1LIFA San Francisco 2"
}, {
  "country": "ETATS-UNIS D'AMERIQUE",
  "consulat": "SAN FRANCISCO",
  "BUREAU": "Sausalito"
}, {
  "country": "ETATS-UNIS D'AMERIQUE",
  "consulat": "SAN FRANCISCO",
  "BUREAU": "Berkeley 1Berkeley 2"
}, {
  "country": "ETATS-UNIS D'AMERIQUE",
  "consulat": "SAN FRANCISCO",
  "BUREAU": "Palo Alto 1Palo Alto 2Palo Alto 3"
}, {
  "country": "ETATS-UNIS D'AMERIQUE",
  "consulat": "SAN FRANCISCO",
  "BUREAU": "Bellevue"
}, {
  "country": "ETATS-UNIS D'AMERIQUE",
  "consulat": "WASHINGTON",
  "BUREAU": "Newport News"
}, {
  "country": "ETATS-UNIS D'AMERIQUE",
  "consulat": "WASHINGTON",
  "BUREAU": "Philadelphie"
}, {
  "country": "ETATS-UNIS D'AMERIQUE",
  "consulat": "WASHINGTON",
  "BUREAU": "Washington 1Washington 2Washington 3Washington 4"
}, {
  "country": "ETHIOPIE",
  "consulat": "ADDIS-ABEBA",
  "BUREAU": "Addis-Abeba"
}, {
  "country": "FIDJI",
  "consulat": "SUVA",
  "BUREAU": "Suva"
}, {
  "country": "FINLANDE",
  "consulat": "HELSINKI",
  "BUREAU": "Helsinki"
}, {
  "country": "GABON",
  "consulat": "LIBREVILLE",
  "BUREAU": "Franceville"
}, {
  "country": "GABON",
  "consulat": "LIBREVILLE",
  "BUREAU": "Consulat général Libreville"
}, {
  "country": "GABON",
  "consulat": "LIBREVILLE",
  "BUREAU": "Institut français Libreville 1Institut français Libreville 2"
}, {
  "country": "GABON",
  "consulat": "LIBREVILLE",
  "BUREAU": "Port Gentil"
}, {
  "country": "GEORGIE",
  "consulat": "TBILISSI",
  "BUREAU": "Tbilissi"
}, {
  "country": "GHANA",
  "consulat": "ACCRA",
  "BUREAU": "Accra"
}, {
  "country": "GRECE",
  "consulat": "ATHENES",
  "BUREAU": "Institut Français Athènes 1Institut Français Athènes 2"
}, {
  "country": "GRECE",
  "consulat": "ATHENES",
  "BUREAU": "Lycée français Athènes 1Lycée français Athènes 2"
}, {
  "country": "GRECE",
  "consulat": "ATHENES",
  "BUREAU": "Rhodes"
}, {
  "country": "GRECE",
  "consulat": "ATHENES",
  "BUREAU": "Héraklion"
}, {
  "country": "GRECE",
  "consulat": "THESSALONIQUE",
  "BUREAU": "Thessalonique"
}, {
  "country": "GUATEMALA",
  "consulat": "GUATEMALA",
  "BUREAU": "Guatemala"
}, {
  "country": "GUINEE",
  "consulat": "CONAKRY",
  "BUREAU": "Conakry"
}, {
  "country": "GUINEE BISSAO",
  "consulat": "DAKAR",
  "BUREAU": "Bissao"
}, {
  "country": "GUINEE EQUATORIALE",
  "consulat": "MALABO",
  "BUREAU": "Malabo"
}, {
  "country": "GUINEE EQUATORIALE",
  "consulat": "MALABO",
  "BUREAU": "Bata"
}, {
  "country": "HAITI",
  "consulat": "PORT-AU-PRINCE",
  "BUREAU": "Port-au-Prince"
}, {
  "country": "HONDURAS",
  "consulat": "GUATEMALA",
  "BUREAU": "Tegucigalpa"
}, {
  "country": "HONGRIE",
  "consulat": "BUDAPEST",
  "BUREAU": "Budapest 1Budapest 2"
}, {
  "country": "INDE",
  "consulat": "BANGALORE",
  "BUREAU": "Bangalore"
}, {
  "country": "INDE",
  "consulat": "BOMBAY",
  "BUREAU": "Bombay"
}, {
  "country": "INDE",
  "consulat": "CALCUTTA",
  "BUREAU": "Calcutta"
}, {
  "country": "INDE",
  "consulat": "NEW DELHI",
  "BUREAU": "New Delhi"
}, {
  "country": "INDE",
  "consulat": "PONDICHERY",
  "BUREAU": "Chennai"
}, {
  "country": "INDE",
  "consulat": "PONDICHERY",
  "BUREAU": "Karikal"
}, {
  "country": "INDE",
  "consulat": "PONDICHERY",
  "BUREAU": "Consulat général Pondichéry 1Consulat général Pondichéry 2"
}, {
  "country": "INDE",
  "consulat": "PONDICHERY",
  "BUREAU": "Lycée français Pondichéry 1Lycée français Pondichéry 2"
}, {
  "country": "INDONESIE",
  "consulat": "JAKARTA",
  "BUREAU": "Jakarta"
}, {
  "country": "INDONESIE",
  "consulat": "JAKARTA",
  "BUREAU": "Denpasar"
}, {
  "country": "IRAK",
  "consulat": "BAGDAD",
  "BUREAU": "Bagdad"
}, {
  "country": "IRAK",
  "consulat": "ERBIL",
  "BUREAU": "Erbil"
}, {
  "country": "IRAN",
  "consulat": "TEHERAN",
  "BUREAU": "Téhéran"
}, {
  "country": "IRLANDE",
  "consulat": "DUBLIN",
  "BUREAU": "Cork"
}, {
  "country": "IRLANDE",
  "consulat": "DUBLIN",
  "BUREAU": "Dublin 1Dublin 2"
}, {
  "country": "ISLANDE",
  "consulat": "REYKJAVIK",
  "BUREAU": "Reykjavik"
}, {
  "country": "ISRAEL",
  "consulat": "HAIFA",
  "BUREAU": "Haïfa 1Haïfa 2"
}, {
  "country": "ISRAEL",
  "consulat": "TEL-AVIV",
  "BUREAU": "Nathanya 1Nathanya 2"
}, {
  "country": "ISRAEL",
  "consulat": "TEL-AVIV",
  "BUREAU": "Tel-Aviv 1Tel-Aviv 2Tel-Aviv 3Tel-Aviv 4Tel-Aviv 5Tel-Aviv 6"
}, {
  "country": "ISRAEL",
  "consulat": "TEL-AVIV",
  "BUREAU": "Ashdod 1Ashdod 2"
}, {
  "country": "ISRAEL",
  "consulat": "TEL-AVIV",
  "BUREAU": "Beer Sheva"
}, {
  "country": "ISRAEL",
  "consulat": "TEL-AVIV",
  "BUREAU": "Eilat"
}, {
  "country": "ITALIE",
  "consulat": "MILAN",
  "BUREAU": "Bologne"
}, {
  "country": "ITALIE",
  "consulat": "MILAN",
  "BUREAU": "Gênes"
}, {
  "country": "ITALIE",
  "consulat": "MILAN",
  "BUREAU": "Milan 1Milan 2Milan 3Milan 4"
}, {
  "country": "ITALIE",
  "consulat": "MILAN",
  "BUREAU": "Turin 1Turin 2Turin 3"
}, {
  "country": "ITALIE",
  "consulat": "MILAN",
  "BUREAU": "Venise"
}, {
  "country": "ITALIE",
  "consulat": "NAPLES",
  "BUREAU": "Naples"
}, {
  "country": "ITALIE",
  "consulat": "NAPLES",
  "BUREAU": "Palerme"
}, {
  "country": "ITALIE",
  "consulat": "ROME",
  "BUREAU": "Pérouse"
}, {
  "country": "ITALIE",
  "consulat": "ROME",
  "BUREAU": "Florence 1Florence 2"
}, {
  "country": "ITALIE",
  "consulat": "ROME",
  "BUREAU": "Cagliari"
}, {
  "country": "ITALIE",
  "consulat": "ROME",
  "BUREAU": "Consulat général Rome"
}, {
  "country": "ITALIE",
  "consulat": "ROME",
  "BUREAU": "Lycée français Rome 1Lycée français Rome 2Lycée français Rome 3"
}, {
  "country": "JAMAÏQUE",
  "consulat": "KINGSTON",
  "BUREAU": "Kingston"
}, {
  "country": "JAPON",
  "consulat": "KYOTO",
  "BUREAU": "Kyoto"
}, {
  "country": "JAPON",
  "consulat": "TOKYO",
  "BUREAU": "Tokyo 1Tokyo 2"
}, {
  "country": "JERUSALEM",
  "consulat": "JERUSALEM",
  "BUREAU": "Consulat général Jérusalem"
}, {
  "country": "JERUSALEM",
  "consulat": "JERUSALEM",
  "BUREAU": "Lycée français Jérusalem 1Lycée français Jérusalem 2"
}, {
  "country": "JERUSALEM",
  "consulat": "JERUSALEM",
  "BUREAU": "Lycée Havat Hanouar Jérusalem 1Lycée Havat Hanouar Jérusalem 2"
}, {
  "country": "JERUSALEM",
  "consulat": "JERUSALEM",
  "BUREAU": "Institut français Romain Gary 1Institut français Romain Gary 2"
}, {
  "country": "JERUSALEM",
  "consulat": "JERUSALEM",
  "BUREAU": "Ramallah"
}, {
  "country": "JORDANIE",
  "consulat": "AMMAN",
  "BUREAU": "Amman"
}, {
  "country": "KAZAKHSTAN",
  "consulat": "ALMATY",
  "BUREAU": "Almaty"
}, {
  "country": "KAZAKHSTAN",
  "consulat": "ALMATY",
  "BUREAU": "Astana"
}, {
  "country": "KENYA",
  "consulat": "NAIROBI",
  "BUREAU": "Nairobi"
}, {
  "country": "KOSOVO",
  "consulat": "PRISTINA",
  "BUREAU": "Pristina"
}, {
  "country": "KOWEIT",
  "consulat": "KOWEIT",
  "BUREAU": "Koweït"
}, {
  "country": "LAOS",
  "consulat": "VIENTIANE",
  "BUREAU": "Vientiane"
}, {
  "country": "LETTONIE",
  "consulat": "RIGA",
  "BUREAU": "Riga"
}, {
  "country": "LIBAN",
  "consulat": "BEYROUTH",
  "BUREAU": "Jounieh 1Jounieh 2"
}, {
  "country": "LIBAN",
  "consulat": "BEYROUTH",
  "BUREAU": "Beyrouth 1 Campus 1Beyrouth 1 Campus 2Beyrouth 1 Campus 3Beyrouth 1 Campus 4"
}, {
  "country": "LIBAN",
  "consulat": "BEYROUTH",
  "BUREAU": "Beyrouth 2 GLFL 1Beyrouth 2 GLFL 2"
}, {
  "country": "LIBAN",
  "consulat": "BEYROUTH",
  "BUREAU": "Beyrouth 3 ESA 1Beyrouth 3 ESA 2"
}, {
  "country": "LIBAN",
  "consulat": "BEYROUTH",
  "BUREAU": "Saida"
}, {
  "country": "LIBAN",
  "consulat": "BEYROUTH",
  "BUREAU": "Tripoli Liban"
}, {
  "country": "LIBERIA",
  "consulat": "ABIDJAN",
  "BUREAU": "Monrovia"
}, {
  "country": "LIBYE",
  "consulat": "TRIPOLI (délocalisé à Tunis)",
  "BUREAU": "Tripoli-Tunis consulat"
}, {
  "country": "LITUANIE",
  "consulat": "VILNIUS",
  "BUREAU": "Vilnius"
}, {
  "country": "LUXEMBOURG",
  "consulat": "LUXEMBOURG",
  "BUREAU": "Luxembourg 1Luxembourg 2Luxembourg 3Luxembourg 4Luxembourg 5Luxembourg 6Luxembourg 7Luxembourg 8Luxembourg 9Luxembourg 10Luxembourg 11Luxembourg 12Luxembourg 13Luxembourg 14Luxembourg 15Luxembourg 16Luxembourg 17"
}, {
  "country": "MADAGASCAR",
  "consulat": "TANANARIVE",
  "BUREAU": "Sambava"
}, {
  "country": "MADAGASCAR",
  "consulat": "TANANARIVE",
  "BUREAU": "Antsirabe"
}, {
  "country": "MADAGASCAR",
  "consulat": "TANANARIVE",
  "BUREAU": "Diego Suarez"
}, {
  "country": "MADAGASCAR",
  "consulat": "TANANARIVE",
  "BUREAU": "Fianarantsoa"
}, {
  "country": "MADAGASCAR",
  "consulat": "TANANARIVE",
  "BUREAU": "Fort Dauphin"
}, {
  "country": "MADAGASCAR",
  "consulat": "TANANARIVE",
  "BUREAU": "Majunga"
}, {
  "country": "MADAGASCAR",
  "consulat": "TANANARIVE",
  "BUREAU": "Manakara"
}, {
  "country": "MADAGASCAR",
  "consulat": "TANANARIVE",
  "BUREAU": "Morondava"
}, {
  "country": "MADAGASCAR",
  "consulat": "TANANARIVE",
  "BUREAU": "Nosy Be"
}, {
  "country": "MADAGASCAR",
  "consulat": "TANANARIVE",
  "BUREAU": "Sainte Marie"
}, {
  "country": "MADAGASCAR",
  "consulat": "TANANARIVE",
  "BUREAU": "Consulat général Tananarive 1Consulat général Tananarive 2"
}, {
  "country": "MADAGASCAR",
  "consulat": "TANANARIVE",
  "BUREAU": "Lycée français Tananarive 1Lycée français Tananarive 2Lycée français Tananarive 3"
}, {
  "country": "MADAGASCAR",
  "consulat": "TANANARIVE",
  "BUREAU": "Tamatave"
}, {
  "country": "MADAGASCAR",
  "consulat": "TANANARIVE",
  "BUREAU": "Tulear"
}, {
  "country": "MALAISIE",
  "consulat": "KUALA LUMPUR",
  "BUREAU": "Kuala Lumpur"
}, {
  "country": "MALI",
  "consulat": "BAMAKO",
  "BUREAU": "Bamako 1Bamako 2"
}, {
  "country": "MALTE",
  "consulat": "LA VALETTE",
  "BUREAU": "La Valette"
}, {
  "country": "MAROC",
  "consulat": "AGADIR",
  "BUREAU": "Agadir 1Agadir 2Agadir 3"
}, {
  "country": "MAROC",
  "consulat": "CASABLANCA",
  "BUREAU": "Casablanca 1Casablanca 2Casablanca 3Casablanca 4Casablanca 5Casablanca 6Casablanca 7Casablanca 8Casablanca 9Casablanca 10"
}, {
  "country": "MAROC",
  "consulat": "FES",
  "BUREAU": "Fès"
}, {
  "country": "MAROC",
  "consulat": "FES",
  "BUREAU": "Oujda"
}, {
  "country": "MAROC",
  "consulat": "FES",
  "BUREAU": "Meknès"
}, {
  "country": "MAROC",
  "consulat": "MARRAKECH",
  "BUREAU": "Marrakech 1Marrakech 2Marrakech 3Marrakech 4"
}, {
  "country": "MAROC",
  "consulat": "RABAT",
  "BUREAU": "Consulat général Rabat"
}, {
  "country": "MAROC",
  "consulat": "RABAT",
  "BUREAU": "Lycée Descartes Rabat 1Lycée Descartes Rabat 2Lycée Descartes Rabat 3Lycée Descartes Rabat 4Lycée Descartes Rabat 5"
}, {
  "country": "MAROC",
  "consulat": "TANGER",
  "BUREAU": "Tanger"
}, {
  "country": "MAURICE",
  "consulat": "PORT-LOUIS",
  "BUREAU": "Lycée des Mascareignes 1Lycée des Mascareignes 2Lycée des Mascareignes 3Lycée des Mascareignes 4"
}, {
  "country": "MAURITANIE",
  "consulat": "NOUAKCHOTT",
  "BUREAU": "Nouakchott"
}, {
  "country": "MEXIQUE",
  "consulat": "MEXICO",
  "BUREAU": "Guadalajara"
}, {
  "country": "MEXIQUE",
  "consulat": "MEXICO",
  "BUREAU": "Consulat général Mexico"
}, {
  "country": "MEXIQUE",
  "consulat": "MEXICO",
  "BUREAU": "Lycée franco-mexicain Mexico 1Lycée franco-mexicain Mexico 2Lycée franco-mexicain Mexico 3Lycée franco-mexicain Mexico 4Lycée franco-mexicain Mexico 5"
}, {
  "country": "MEXIQUE",
  "consulat": "MEXICO",
  "BUREAU": "Monterrey"
}, {
  "country": "MEXIQUE",
  "consulat": "MEXICO",
  "BUREAU": "Puebla"
}, {
  "country": "MEXIQUE",
  "consulat": "MEXICO",
  "BUREAU": "Querétaro"
}, {
  "country": "MOLDAVIE",
  "consulat": "BUCAREST",
  "BUREAU": "Chisinau"
}, {
  "country": "MONACO",
  "consulat": "MONACO",
  "BUREAU": "Monaco 1Monaco 2Monaco 3"
}, {
  "country": "MONGOLIE",
  "consulat": "OULAN-BATOR",
  "BUREAU": "Oulan-Bator"
}, {
  "country": "MONTENEGRO",
  "consulat": "TIRANA",
  "BUREAU": "Podgorica"
}, {
  "country": "MOZAMBIQUE",
  "consulat": "MAPUTO",
  "BUREAU": "Maputo"
}, {
  "country": "NAMIBIE",
  "consulat": "JOHANNESBOURG",
  "BUREAU": "Windhoek"
}, {
  "country": "NEPAL",
  "consulat": "NEW DELHI",
  "BUREAU": "Katmandou"
}, {
  "country": "NICARAGUA",
  "consulat": "SAN JOSE",
  "BUREAU": "Managua"
}, {
  "country": "NIGER",
  "consulat": "NIAMEY",
  "BUREAU": "Niamey"
}, {
  "country": "NIGERIA",
  "consulat": "ABUJA",
  "BUREAU": "Abuja"
}, {
  "country": "NIGERIA",
  "consulat": "LAGOS",
  "BUREAU": "Lagos"
}, {
  "country": "NIGERIA",
  "consulat": "LAGOS",
  "BUREAU": "Port Harcourt"
}, {
  "country": "NORVEGE",
  "consulat": "OSLO",
  "BUREAU": "Oslo 1Oslo 2"
}, {
  "country": "NORVEGE",
  "consulat": "OSLO",
  "BUREAU": "Stavanger"
}, {
  "country": "NOUVELLE-ZELANDE",
  "consulat": "WELLINGTON",
  "BUREAU": "Auckland"
}, {
  "country": "NOUVELLE-ZELANDE",
  "consulat": "WELLINGTON",
  "BUREAU": "Wellington"
}, {
  "country": "NOUVELLE-ZELANDE",
  "consulat": "WELLINGTON",
  "BUREAU": "Christchurch"
}, {
  "country": "OMAN",
  "consulat": "MASCATE",
  "BUREAU": "Mascate"
}, {
  "country": "OUGANDA",
  "consulat": "KAMPALA",
  "BUREAU": "Kampala"
}, {
  "country": "OUZBEKISTAN",
  "consulat": "TACHKENT",
  "BUREAU": "Tachkent"
}, {
  "country": "PAKISTAN",
  "consulat": "ISLAMABAD",
  "BUREAU": "Islamabad"
}, {
  "country": "PAKISTAN",
  "consulat": "KARACHI",
  "BUREAU": "Karachi"
}, {
  "country": "PANAMA",
  "consulat": "PANAMA",
  "BUREAU": "Panama"
}, {
  "country": "PAPOUASIE-NOUVELLE-GUINEE",
  "consulat": "PORT MORESBY",
  "BUREAU": "Port Moresby"
}, {
  "country": "PARAGUAY",
  "consulat": "BUENOS AIRES",
  "BUREAU": "Assomption"
}, {
  "country": "PAYS-BAS",
  "consulat": "AMSTERDAM",
  "BUREAU": "Amsterdam 1Amsterdam 2Amsterdam 3"
}, {
  "country": "PAYS-BAS",
  "consulat": "AMSTERDAM",
  "BUREAU": "La Haye 1La Haye 2La Haye 3"
}, {
  "country": "PEROU",
  "consulat": "LIMA",
  "BUREAU": "Lima"
}, {
  "country": "PHILIPPINES",
  "consulat": "MANILLE",
  "BUREAU": "Manille"
}, {
  "country": "PHILIPPINES",
  "consulat": "MANILLE",
  "BUREAU": "Cebu"
}, {
  "country": "POLOGNE",
  "consulat": "CRACOVIE",
  "BUREAU": "Cracovie"
}, {
  "country": "POLOGNE",
  "consulat": "CRACOVIE",
  "BUREAU": "Wroclaw"
}, {
  "country": "POLOGNE",
  "consulat": "VARSOVIE",
  "BUREAU": "Varsovie 1Varsovie 2"
}, {
  "country": "PORTUGAL",
  "consulat": "LISBONNE",
  "BUREAU": "Lisbonne 1Lisbonne 2Lisbonne 3"
}, {
  "country": "PORTUGAL",
  "consulat": "LISBONNE",
  "BUREAU": "Porto 1Porto 2"
}, {
  "country": "QATAR",
  "consulat": "DOHA",
  "BUREAU": "Doha 1Doha 2"
}, {
  "country": "ROUMANIE",
  "consulat": "BUCAREST",
  "BUREAU": "Bucarest"
}, {
  "country": "ROUMANIE",
  "consulat": "BUCAREST",
  "BUREAU": "Cluj"
}, {
  "country": "ROUMANIE",
  "consulat": "BUCAREST",
  "BUREAU": "Iasi"
}, {
  "country": "ROYAUME-UNI",
  "consulat": "EDIMBOURG",
  "BUREAU": "Edimbourg"
}, {
  "country": "ROYAUME-UNI",
  "consulat": "EDIMBOURG",
  "BUREAU": "Glasgow"
}, {
  "country": "ROYAUME-UNI",
  "consulat": "EDIMBOURG",
  "BUREAU": "Aberdeen"
}, {
  "country": "ROYAUME-UNI",
  "consulat": "LONDRES",
  "BUREAU": "Ashford"
}, {
  "country": "ROYAUME-UNI",
  "consulat": "LONDRES",
  "BUREAU": "Belfast"
}, {
  "country": "ROYAUME-UNI",
  "consulat": "LONDRES",
  "BUREAU": "Birmingham 1Birmingham 2"
}, {
  "country": "ROYAUME-UNI",
  "consulat": "LONDRES",
  "BUREAU": "Brighton"
}, {
  "country": "ROYAUME-UNI",
  "consulat": "LONDRES",
  "BUREAU": "Bristol 1Bristol 2"
}, {
  "country": "ROYAUME-UNI",
  "consulat": "LONDRES",
  "BUREAU": "Leeds"
}, {
  "country": "ROYAUME-UNI",
  "consulat": "LONDRES",
  "BUREAU": "Manchester"
}, {
  "country": "ROYAUME-UNI",
  "consulat": "LONDRES",
  "BUREAU": "Consulat général Londres"
}, {
  "country": "ROYAUME-UNI",
  "consulat": "LONDRES",
  "BUREAU": "Londres - South Kensington 1Londres - South Kensington 2Londres - South Kensington 3Londres - South Kensington 4Londres - South Kensington 5Londres - South Kensington 6Londres - South Kensington 7Londres - South Kensington 8Londres - South Kensington 9Londres - South Kensington 10Londres - South Kensington 11Londres - South Kensington 12Londres - South Kensington 13Londres - South Kensington 14Londres - South Kensington 15Londres - South Kensington 16Londres - South Kensington 17Londres - South Kensington 18Londres - South Kensington 19Londres - South Kensington 20Londres - South Kensington 21Londres - South Kensington 22Londres - South Kensington 23"
}, {
  "country": "ROYAUME-UNI",
  "consulat": "LONDRES",
  "BUREAU": "Londres - Wembley 1Londres - Wembley 2Londres - Wembley 3Londres - Wembley 4Londres - Wembley 5Londres - Wembley 6Londres - Wembley 7Londres - Wembley 8Londres - Wembley 9Londres - Wembley 10Londres - Wembley 11Londres - Wembley 12Londres - Wembley 13Londres - Wembley 14Londres - Wembley 15Londres - Wembley 16Londres - Wembley 17Londres - Wembley 18"
}, {
  "country": "RUSSIE",
  "consulat": "EKATERINBOURG",
  "BUREAU": "Ekaterinbourg"
}, {
  "country": "RUSSIE",
  "consulat": "MOSCOU",
  "BUREAU": "Moscou 1Moscou 2"
}, {
  "country": "RUSSIE",
  "consulat": "SAINT-PETERSBOURG",
  "BUREAU": "Saint-Pétersbourg"
}, {
  "country": "RWANDA",
  "consulat": "KIGALI",
  "BUREAU": "Kigali"
}, {
  "country": "SAINTE-LUCIE",
  "consulat": "CASTRIES",
  "BUREAU": "Castries"
}, {
  "country": "SENEGAL",
  "consulat": "DAKAR",
  "BUREAU": "Consulat général Dakar 1Consulat général Dakar 2Consulat général Dakar 3"
}, {
  "country": "SENEGAL",
  "consulat": "DAKAR",
  "BUREAU": "Lycée Mermoz Dakar 1Lycée Mermoz Dakar 2"
}, {
  "country": "SENEGAL",
  "consulat": "DAKAR",
  "BUREAU": "Saint Louis"
}, {
  "country": "SENEGAL",
  "consulat": "DAKAR",
  "BUREAU": "Saly"
}, {
  "country": "SERBIE",
  "consulat": "BELGRADE",
  "BUREAU": "Belgrade"
}, {
  "country": "SEYCHELLES",
  "consulat": "VICTORIA",
  "BUREAU": "Ambassade Victoria"
}, {
  "country": "SINGAPOUR",
  "consulat": "SINGAPOUR",
  "BUREAU": "Singapour 1Singapour 2Singapour 3Singapour 4Singapour 5Singapour 6Singapour 7"
}, {
  "country": "SLOVAQUIE",
  "consulat": "BRATISLAVA",
  "BUREAU": "Bratislava"
}, {
  "country": "SLOVENIE",
  "consulat": "LJUBLJANA",
  "BUREAU": "Ljubljana"
}, {
  "country": "SOUDAN",
  "consulat": "KHARTOUM",
  "BUREAU": "Khartoum"
}, {
  "country": "SOUDAN DU SUD",
  "consulat": "ADDIS-ABEBA",
  "BUREAU": "Djouba"
}, {
  "country": "SRI LANKA",
  "consulat": "COLOMBO",
  "BUREAU": "Colombo"
}, {
  "country": "SUEDE",
  "consulat": "STOCKHOLM",
  "BUREAU": "Stockholm 1Stockholm 2"
}, {
  "country": "SUEDE",
  "consulat": "STOCKHOLM",
  "BUREAU": "Göteborg"
}, {
  "country": "SUISSE",
  "consulat": "GENEVE",
  "BUREAU": "Bulle 1Bulle 2Bulle 3"
}, {
  "country": "SUISSE",
  "consulat": "GENEVE",
  "BUREAU": "Delémont"
}, {
  "country": "SUISSE",
  "consulat": "GENEVE",
  "BUREAU": "Fribourg 1Fribourg 2Fribourg 3"
}, {
  "country": "SUISSE",
  "consulat": "GENEVE",
  "BUREAU": "Carouge-Plan-les-Ouates 1Carouge- Plan-les-Ouates 2Carouge- Plan-les-Ouates 3Carouge- Plan-les-Ouates 4Carouge- Plan-les-Ouates 5Carouge- Plan-les-Ouates 6"
}, {
  "country": "SUISSE",
  "consulat": "GENEVE",
  "BUREAU": "Genève Centre 1Genève Centre 2Genève Centre 3Genève Centre 4Genève Centre 5Genève Centre 6Genève Centre 7Genève Centre 8Genève-Centre 9"
}, {
  "country": "SUISSE",
  "consulat": "GENEVE",
  "BUREAU": "Champel 1Champel 2Champel 3Champel 4Champel 5"
}, {
  "country": "SUISSE",
  "consulat": "GENEVE",
  "BUREAU": "Chêne-Thonex 1Chêne-Thonex 2Chêne-Thonex 3Chêne-Thonex 4Chêne-Thonex 5Chêne-Thonex 6"
}, {
  "country": "SUISSE",
  "consulat": "GENEVE",
  "BUREAU": "Genève Consulat"
}, {
  "country": "SUISSE",
  "consulat": "GENEVE",
  "BUREAU": "Genève Nations 1Genève Nations 2Genève Nations 3Genève Nations 4"
}, {
  "country": "SUISSE",
  "consulat": "GENEVE",
  "BUREAU": "La Chaux de Fonds 1La Chaux de Fonds 2"
}, {
  "country": "SUISSE",
  "consulat": "GENEVE",
  "BUREAU": "Lausanne Centre 1Lausanne Centre 2Lausanne Centre 3Lausanne Centre 4Lausanne Centre 5Lausanne Centre 6Lausanne Centre 7Lausanne Centre 8Lausanne Centre 9"
}, {
  "country": "SUISSE",
  "consulat": "GENEVE",
  "BUREAU": "Epalinges 1Epalinges 2Epalinges 3Epalinges 4"
}, {
  "country": "SUISSE",
  "consulat": "GENEVE",
  "BUREAU": "Morges 1Morges 2Morges 3Morges 4Morges 5Morges 6"
}, {
  "country": "SUISSE",
  "consulat": "GENEVE",
  "BUREAU": "Montreux 1Montreux 2Montreux 3Montreux 4Montreux 5Montreux 6"
}, {
  "country": "SUISSE",
  "consulat": "GENEVE",
  "BUREAU": "Neuchâtel 1Neuchâtel 2Neuchâtel 3Neuchâtel 4"
}, {
  "country": "SUISSE",
  "consulat": "GENEVE",
  "BUREAU": "Nyon 1Nyon 2Nyon 3Nyon 4Nyon 5Nyon 6"
}, {
  "country": "SUISSE",
  "consulat": "GENEVE",
  "BUREAU": "Porrentruy"
}, {
  "country": "SUISSE",
  "consulat": "GENEVE",
  "BUREAU": "Valais 1Valais 2Valais 3Valais 4Valais 5"
}, {
  "country": "SUISSE",
  "consulat": "GENEVE",
  "BUREAU": "Yverdon 1Yverdon 2Yverdon 3Yverdon 4"
}, {
  "country": "SUISSE",
  "consulat": "ZURICH",
  "BUREAU": "Bâle 1Bâle 2"
}, {
  "country": "SUISSE",
  "consulat": "ZURICH",
  "BUREAU": "Berne 1Berne 2Berne 3"
}, {
  "country": "SUISSE",
  "consulat": "ZURICH",
  "BUREAU": "Saint Gall"
}, {
  "country": "SUISSE",
  "consulat": "ZURICH",
  "BUREAU": "Lucerne"
}, {
  "country": "SUISSE",
  "consulat": "ZURICH",
  "BUREAU": "Lugano"
}, {
  "country": "SUISSE",
  "consulat": "ZURICH",
  "BUREAU": "Zurich 1Zurich 2Zurich 3Zurich 4Zurich 5Zurich 6"
}, {
  "country": "SURINAM",
  "consulat": "PARAMARIBO",
  "BUREAU": "Paramaribo"
}, {
  "country": "SYRIE",
  "consulat": "DAMAS (délocalisé à Beyrouth)",
  "BUREAU": "Damas - Beyrouth 1 campus"
}, {
  "country": "TAIWAN",
  "consulat": "TAIPEI",
  "BUREAU": "Taipei"
}, {
  "country": "TANZANIE",
  "consulat": "DAR ES SALAM",
  "BUREAU": "Dar es Salam"
}, {
  "country": "TANZANIE",
  "consulat": "DAR ES SALAM",
  "BUREAU": "Arusha"
}, {
  "country": "TCHAD",
  "consulat": "N'DJAMENA",
  "BUREAU": "N'Djamena"
}, {
  "country": "TCHEQUE (République)",
  "consulat": "PRAGUE",
  "BUREAU": "Prague"
}, {
  "country": "THAÏLANDE",
  "consulat": "BANGKOK",
  "BUREAU": "Bangkok 1Bangkok 2"
}, {
  "country": "THAÏLANDE",
  "consulat": "BANGKOK",
  "BUREAU": "Chiang Mai"
}, {
  "country": "THAÏLANDE",
  "consulat": "BANGKOK",
  "BUREAU": "Khon Kaen"
}, {
  "country": "THAÏLANDE",
  "consulat": "BANGKOK",
  "BUREAU": "Pattaya"
}, {
  "country": "THAÏLANDE",
  "consulat": "BANGKOK",
  "BUREAU": "Phuket"
}, {
  "country": "TOGO",
  "consulat": "LOME",
  "BUREAU": "Lomé"
}, {
  "country": "TRINITE-ET-TOBAGO",
  "consulat": "PORT D'ESPAGNE",
  "BUREAU": "Port d'Espagne"
}, {
  "country": "TRINITE-ET-TOBAGO",
  "consulat": "PORT D'ESPAGNE",
  "BUREAU": "Bridgetown (Barbade)"
}, {
  "country": "TUNISIE",
  "consulat": "TUNIS",
  "BUREAU": "Bizerte"
}, {
  "country": "TUNISIE",
  "consulat": "TUNIS",
  "BUREAU": "Djerba"
}, {
  "country": "TUNISIE",
  "consulat": "TUNIS",
  "BUREAU": "Sfax"
}, {
  "country": "TUNISIE",
  "consulat": "TUNIS",
  "BUREAU": "Sousse 1Sousse 2"
}, {
  "country": "TUNISIE",
  "consulat": "TUNIS",
  "BUREAU": "La Marsa 1La Marsa 2La Marsa 3"
}, {
  "country": "TUNISIE",
  "consulat": "TUNIS",
  "BUREAU": "Ambassade Tunis"
}, {
  "country": "TUNISIE",
  "consulat": "TUNIS",
  "BUREAU": "Tunis - Lycée PMF 1Tunis - Lycée PMF 2Tunis - Lycée PMF 3"
}, {
  "country": "TURKMENISTAN",
  "consulat": "ACHGABAT",
  "BUREAU": "Achgabat"
}, {
  "country": "TURQUIE",
  "consulat": "ANKARA",
  "BUREAU": "Ankara"
}, {
  "country": "TURQUIE",
  "consulat": "ISTANBUL",
  "BUREAU": "Istanbul 1Istanbul 2"
}, {
  "country": "TURQUIE",
  "consulat": "ISTANBUL",
  "BUREAU": "Istanbul Asie"
}, {
  "country": "TURQUIE",
  "consulat": "ISTANBUL",
  "BUREAU": "Izmir"
}, {
  "country": "UKRAINE",
  "consulat": "KIEV",
  "BUREAU": "Kiev"
}, {
  "country": "URUGUAY",
  "consulat": "MONTEVIDEO",
  "BUREAU": "Montevideo"
}, {
  "country": "VANUATU",
  "consulat": "PORT-VILA",
  "BUREAU": "Port-Vila"
}, {
  "country": "VENEZUELA",
  "consulat": "CARACAS",
  "BUREAU": "Caracas"
}, {
  "country": "VIETNAM",
  "consulat": "HANOI",
  "BUREAU": "Hanoï"
}, {
  "country": "VIETNAM",
  "consulat": "HO CHI MINH-VILLE",
  "BUREAU": "Ho Chi Minh-Ville 1Ho Chi Minh-Ville 2"
}, {
  "country": "YEMEN",
  "consulat": "SANAA (délocalisé à Djibouti)",
  "BUREAU": "Sanaa"
}, {
  "country": "ZAMBIE",
  "consulat": "JOHANNESBOURG",
  "BUREAU": "Lusaka"
}, {
  "country": "ZIMBABWE",
  "consulat": "HARARE",
  "BUREAU": "Harare"
}]
